ano_mes,selic,cambio,ipca_mensal,data
2017-01,13.17,3.1966,0.38,2017-01-01
2017-02,12.82,3.1042,0.33,2017-02-01
2017-03,12.15,3.1279,0.25,2017-03-01
2017-04,11.59,3.1362,0.14,2017-04-01
2017-05,11.15,3.2095,0.31,2017-05-01
2017-06,10.15,3.2954,-0.23,2017-06-01
2017-07,10.01,3.2061,0.24,2017-07-01
2017-08,9.15,3.1509,0.19,2017-08-01
2017-09,8.35,3.1348,0.16,2017-09-01
2017-10,8.01,3.1912,0.42,2017-10-01
2017-11,7.4,3.2594,0.28,2017-11-01
2017-12,7.0,3.2919,0.44,2017-12-01
2018-01,6.9,3.2106,0.29,2018-01-01
2018-02,6.72,3.2415,0.32,2018-02-01
2018-03,6.58,3.2792,0.09,2018-03-01
2018-04,6.4,3.4075,0.22,2018-04-01
2018-05,6.4,3.6361,0.4,2018-05-01
2018-06,6.4,3.7732,1.26,2018-06-01
2018-07,6.4,3.8288,0.33,2018-07-01
2018-08,6.4,3.9298,-0.09,2018-08-01
2018-09,6.4,4.1165,0.48,2018-09-01
2018-10,6.4,3.7584,0.45,2018-10-01
2018-11,6.4,3.7867,-0.21,2018-11-01
2018-12,6.4,3.8851,0.15,2018-12-01
2019-01,6.4,3.7417,0.32,2019-01-01
2019-02,6.4,3.7236,0.43,2019-02-01
2019-03,6.4,3.8465,0.75,2019-03-01
2019-04,6.4,3.8962,0.57,2019-04-01
2019-05,6.4,4.0015,0.13,2019-05-01
2019-06,6.4,3.8588,0.01,2019-06-01
2019-07,6.4,3.7793,0.19,2019-07-01
2019-08,5.9,4.02,0.11,2019-08-01
2019-09,5.71,4.1215,-0.04,2019-09-01
2019-10,5.38,4.087,0.1,2019-10-01
2019-11,4.9,4.1553,0.51,2019-11-01
2019-12,4.59,4.1096,1.15,2019-12-01
2020-01,4.4,4.1495,0.21,2020-01-01
2020-02,4.19,4.341,0.25,2020-02-01
2020-03,3.95,4.8839,0.07,2020-03-01
2020-04,3.65,5.3256,-0.31,2020-04-01
2020-05,3.01,5.6434,-0.38,2020-05-01
2020-06,2.58,5.1966,0.26,2020-06-01
2020-07,2.15,5.2802,0.36,2020-07-01
2020-08,1.94,5.4612,0.24,2020-08-01
2020-09,1.9,5.3995,0.64,2020-09-01
2020-10,1.9,5.6258,0.86,2020-10-01
2020-11,1.9,5.4178,0.89,2020-11-01
2020-12,1.9,5.1456,1.35,2020-12-01
2021-01,1.9,5.3562,0.25,2021-01-01
2021-02,1.9,5.4165,0.86,2021-02-01
2021-03,2.23,5.6461,0.93,2021-03-01
2021-04,2.65,5.5621,0.31,2021-04-01
2021-05,3.29,5.2911,0.83,2021-05-01
2021-06,3.76,5.0319,0.53,2021-06-01
2021-07,4.15,5.1567,0.96,2021-07-01
2021-08,5.01,5.2517,0.87,2021-08-01
2021-09,5.43,5.2797,1.16,2021-09-01
2021-10,6.3,5.54,1.25,2021-10-01
2021-11,7.65,5.5569,0.95,2021-11-01
2021-12,8.76,5.6514,0.73,2021-12-01
2022-01,9.15,5.5341,0.54,2022-01-01
2022-02,10.49,5.1966,1.01,2022-02-01
2022-03,11.15,4.9684,1.62,2022-03-01
2022-04,11.65,4.758,1.06,2022-04-01
2022-05,12.51,4.9551,0.47,2022-05-01
2022-06,12.89,5.0492,0.67,2022-06-01
2022-07,13.15,5.3681,-0.68,2022-07-01
2022-08,13.58,5.1433,-0.36,2022-08-01
2022-09,13.65,5.237,-0.29,2022-09-01
2022-10,13.65,5.2503,0.59,2022-10-01
2022-11,13.65,5.2747,0.41,2022-11-01
2022-12,13.65,5.2424,0.62,2022-12-01
2023-01,13.65,5.2007,0.53,2023-01-01
2023-02,13.65,5.1717,0.84,2023-02-01
2023-03,13.65,5.2115,0.71,2023-03-01
2023-04,13.65,5.0197,0.61,2023-04-01
2023-05,13.65,4.9828,0.23,2023-05-01
2023-06,13.65,4.8516,-0.08,2023-06-01
2023-07,13.65,4.8008,0.12,2023-07-01
2023-08,13.19,4.9035,0.23,2023-08-01
2023-09,12.97,4.937,0.26,2023-09-01
2023-10,12.65,5.0648,0.24,2023-10-01
2023-11,12.17,4.8983,0.28,2023-11-01
2023-12,11.87,4.8972,0.56,2023-12-01
2024-01,11.65,4.9144,0.42,2024-01-01
2024-02,11.15,4.9644,0.83,2024-02-01
2024-03,11.0,4.9801,0.16,2024-03-01
2024-04,10.65,5.1291,0.38,2024-04-01
2024-05,10.46,5.133,0.46,2024-05-01
2024-06,10.4,5.389,0.21,2024-06-01
2024-07,10.4,5.542,0.38,2024-07-01
2024-08,10.4,5.5526,-0.02,2024-08-01
2024-09,10.5,5.5416,0.44,2024-09-01
2024-10,10.65,5.6241,0.56,2024-10-01
2024-11,11.04,5.8071,0.39,2024-11-01
2024-12,11.77,6.097,0.52,2024-12-01
2025-01,12.24,6.0218,0.16,2025-01-01
2025-02,13.15,5.7656,1.31,2025-02-01
2025-03,13.57,5.7468,0.56,2025-03-01
2025-04,14.15,5.7837,0.43,2025-04-01
2025-05,14.55,5.6674,0.26,2025-05-01
2025-06,14.74,5.5471,0.24,2025-06-01
2025-07,14.9,5.5285,0.26,2025-07-01
2025-08,14.9,5.4469,-0.11,2025-08-01
2025-09,14.9,5.3674,0.48,2025-09-01
2025-10,14.9,5.3855,0.09,2025-10-01
2025-11,14.9,5.3409,0.18,2025-11-01
2025-12,14.9,5.4531,0.33,2025-12-01
2026-01,14.9,5.338,0.33,2026-01-01
2026-02,14.9,5.2006,0.7,2026-02-01
2026-03,14.8,5.2316,0.88,2026-03-01
2026-04,14.64,5.0331,0.67,2026-04-01
2026-05,14.4,4.9837,0.58,2026-05-01
2026-06,14.29,5.1276,0.16,2026-06-01
2026-07,14.15,5.1139,0.07,2026-07-01
2026-08,13.94,5.1532,-0.32,2026-08-01
